{
  "schema": "edge_lab.phase3b_activity_mispricing_diagnostics.v1",
  "spy": {
    "signal_changes": 60,
    "filter_block_counts": {
      "warmup": 40,
      "z_not_extreme": 62
    },
    "acceptance_rate": 0.55,
    "holding_time_bars": {
      "count": 16,
      "mean": 4.8125,
      "p50": 6,
      "max": 10
    },
    "edge_pre_cost_bps": {
      "quantiles": {
        "p10": 1.2793185310624866,
        "p50": 6.295799185309956,
        "p90": 15.27664853120147
      },
      "histogram": {
        "<= -20": 0,
        "<= -10": 0,
        "<= -5": 0,
        "<= 0": 0,
        "<= 5": 62,
        "<= 10": 52,
        "<= 20": 39,
        "<= 40": 6,
        "> 40": 1
      }
    },
    "edge_post_cost_bps": {
      "quantiles": {
        "p10": -8.720681468937514,
        "p50": -3.7042008146900436,
        "p90": 5.27664853120147
      },
      "histogram": {
        "<= -20": 0,
        "<= -10": 0,
        "<= -5": 62,
        "<= 0": 52,
        "<= 5": 29,
        "<= 10": 10,
        "<= 20": 4,
        "<= 40": 3,
        "> 40": 0
      }
    }
  },
  "basket": {
    "SPY": {
      "signal_changes": 60,
      "filter_block_counts": {
        "warmup": 40,
        "z_not_extreme": 62
      },
      "acceptance_rate": 0.55,
      "holding_time_bars": {
        "count": 16,
        "mean": 4.8125,
        "p50": 6,
        "max": 10
      },
      "edge_pre_cost_bps": {
        "quantiles": {
          "p10": 1.2793185310624866,
          "p50": 6.295799185309956,
          "p90": 15.27664853120147
        },
        "histogram": {
          "<= -20": 0,
          "<= -10": 0,
          "<= -5": 0,
          "<= 0": 0,
          "<= 5": 62,
          "<= 10": 52,
          "<= 20": 39,
          "<= 40": 6,
          "> 40": 1
        }
      },
      "edge_post_cost_bps": {
        "quantiles": {
          "p10": -8.720681468937514,
          "p50": -3.7042008146900436,
          "p90": 5.27664853120147
        },
        "histogram": {
          "<= -20": 0,
          "<= -10": 0,
          "<= -5": 62,
          "<= 0": 52,
          "<= 5": 29,
          "<= 10": 10,
          "<= 20": 4,
          "<= 40": 3,
          "> 40": 0
        }
      }
    },
    "QQQ": {
      "signal_changes": 50,
      "filter_block_counts": {
        "warmup": 40,
        "z_not_extreme": 55
      },
      "acceptance_rate": 0.56,
      "holding_time_bars": {
        "count": 14,
        "mean": 6.5,
        "p50": 5,
        "max": 19
      },
      "edge_pre_cost_bps": {
        "quantiles": {
          "p10": 1.5402373848375317,
          "p50": 5.9007228299311265,
          "p90": 16.428425592078852
        },
        "histogram": {
          "<= -20": 0,
          "<= -10": 0,
          "<= -5": 0,
          "<= 0": 0,
          "<= 5": 67,
          "<= 10": 45,
          "<= 20": 40,
          "<= 40": 7,
          "> 40": 1
        }
      },
      "edge_post_cost_bps": {
        "quantiles": {
          "p10": -8.459762615162468,
          "p50": -4.0992771700688735,
          "p90": 6.4284255920788524
        },
        "histogram": {
          "<= -20": 0,
          "<= -10": 0,
          "<= -5": 67,
          "<= 0": 45,
          "<= 5": 23,
          "<= 10": 17,
          "<= 20": 6,
          "<= 40": 2,
          "> 40": 0
        }
      }
    },
    "IWM": {
      "signal_changes": 51,
      "filter_block_counts": {
        "warmup": 40,
        "z_not_extreme": 69
      },
      "acceptance_rate": 0.5294117647058824,
      "holding_time_bars": {
        "count": 13,
        "mean": 5.615384615384615,
        "p50": 5,
        "max": 14
      },
      "edge_pre_cost_bps": {
        "quantiles": {
          "p10": 1.155417643221288,
          "p50": 6.393942574930048,
          "p90": 17.10137178183023
        },
        "histogram": {
          "<= -20": 0,
          "<= -10": 0,
          "<= -5": 0,
          "<= 0": 0,
          "<= 5": 61,
          "<= 10": 53,
          "<= 20": 38,
          "<= 40": 8,
          "> 40": 0
        }
      },
      "edge_post_cost_bps": {
        "quantiles": {
          "p10": -8.844582356778712,
          "p50": -3.6060574250699524,
          "p90": 7.101371781830231
        },
        "histogram": {
          "<= -20": 0,
          "<= -10": 0,
          "<= -5": 61,
          "<= 0": 53,
          "<= 5": 25,
          "<= 10": 13,
          "<= 20": 7,
          "<= 40": 1,
          "> 40": 0
        }
      }
    },
    "XLK": {
      "signal_changes": 58,
      "filter_block_counts": {
        "warmup": 40,
        "z_not_extreme": 58
      },
      "acceptance_rate": 0.5689655172413793,
      "holding_time_bars": {
        "count": 16,
        "mean": 5.0625,
        "p50": 5,
        "max": 12
      },
      "edge_pre_cost_bps": {
        "quantiles": {
          "p10": 1.4576996688104085,
          "p50": 6.370714377504334,
          "p90": 16.976561041308056
        },
        "histogram": {
          "<= -20": 0,
          "<= -10": 0,
          "<= -5": 0,
          "<= 0": 0,
          "<= 5": 65,
          "<= 10": 39,
          "<= 20": 48,
          "<= 40": 8,
          "> 40": 0
        }
      },
      "edge_post_cost_bps": {
        "quantiles": {
          "p10": -8.542300331189592,
          "p50": -3.629285622495666,
          "p90": 6.976561041308056
        },
        "histogram": {
          "<= -20": 0,
          "<= -10": 0,
          "<= -5": 65,
          "<= 0": 39,
          "<= 5": 28,
          "<= 10": 20,
          "<= 20": 7,
          "<= 40": 1,
          "> 40": 0
        }
      }
    },
    "XLF": {
      "signal_changes": 48,
      "filter_block_counts": {
        "warmup": 40,
        "z_not_extreme": 83
      },
      "acceptance_rate": 0.5625,
      "holding_time_bars": {
        "count": 13,
        "mean": 4.538461538461538,
        "p50": 4,
        "max": 14
      },
      "edge_pre_cost_bps": {
        "quantiles": {
          "p10": 1.0327636501475672,
          "p50": 6.857280841686326,
          "p90": 16.303965832373176
        },
        "histogram": {
          "<= -20": 0,
          "<= -10": 0,
          "<= -5": 0,
          "<= 0": 0,
          "<= 5": 59,
          "<= 10": 51,
          "<= 20": 39,
          "<= 40": 11,
          "> 40": 0
        }
      },
      "edge_post_cost_bps": {
        "quantiles": {
          "p10": -8.967236349852433,
          "p50": -3.1427191583136738,
          "p90": 6.303965832373176
        },
        "histogram": {
          "<= -20": 0,
          "<= -10": 0,
          "<= -5": 59,
          "<= 0": 51,
          "<= 5": 30,
          "<= 10": 9,
          "<= 20": 11,
          "<= 40": 0,
          "> 40": 0
        }
      }
    },
    "XLE": {
      "signal_changes": 44,
      "filter_block_counts": {
        "warmup": 40,
        "z_not_extreme": 83
      },
      "acceptance_rate": 0.5454545454545454,
      "holding_time_bars": {
        "count": 12,
        "mean": 5.416666666666667,
        "p50": 3,
        "max": 15
      },
      "edge_pre_cost_bps": {
        "quantiles": {
          "p10": 0.7860651392531133,
          "p50": 7.329243559929468,
          "p90": 15.814927885802541
        },
        "histogram": {
          "<= -20": 0,
          "<= -10": 0,
          "<= -5": 0,
          "<= 0": 0,
          "<= 5": 56,
          "<= 10": 51,
          "<= 20": 46,
          "<= 40": 7,
          "> 40": 0
        }
      },
      "edge_post_cost_bps": {
        "quantiles": {
          "p10": -9.213934860746887,
          "p50": -2.670756440070532,
          "p90": 5.8149278858025415
        },
        "histogram": {
          "<= -20": 0,
          "<= -10": 0,
          "<= -5": 56,
          "<= 0": 51,
          "<= 5": 32,
          "<= 10": 14,
          "<= 20": 7,
          "<= 40": 0,
          "> 40": 0
        }
      }
    },
    "XLV": {
      "signal_changes": 49,
      "filter_block_counts": {
        "warmup": 40,
        "z_not_extreme": 76
      },