{
  "schema": "edge_lab.regime_split.v1",
  "metadata": {
    "run_timestamp_utc": "2026-02-27T02:15:55.986059+00:00",
    "config_hash": "2e89b0011b569e97a8ec6e0282cb73b56ed2ed6ec7c4101433058cbdca975fe2",
    "git_commit": "977ca29ee7f2c94505f7c663b5a797936b24cab3",
    "holdout_tag": "vaulted-holdout-v1"
  },
  "regimes": {
    "calm": {
      "count": 12,
      "metrics": {
        "total_return": 0.0038444999999999252,
        "max_drawdown": -0.0020962220192460275,
        "sharpe": 5.3559790036873745
      },
      "final_equity": 1003.8444999999999
    },
    "stress": {
      "count": 8,
      "metrics": {
        "total_return": 0.001947999999999979,
        "max_drawdown": -0.0009970606651591109,
        "sharpe": 5.826963150495076
      },
      "final_equity": 1001.948
    }
  }
}