{
  "window_count": 2,
  "windows": [
    {
      "train": [
        0,
        10
      ],
      "test": [
        10,
        15
      ],
      "final_equity": 998.8945,
      "total_return": -0.0011055000000000064,
      "sharpe": -8.469376780509345,
      "collapsed": true
    },
    {
      "train": [
        5,
        15
      ],
      "test": [
        15,
        20
      ],
      "final_equity": 1001.9475,
      "total_return": 0.001947499999999991,
      "sharpe": 13.035589952192213,
      "collapsed": false
    }
  ],
  "aggregate": {
    "mean_total_return": 0.00042099999999999224,
    "mean_sharpe": 2.283106585841434,
    "collapse_count": 1,
    "collapse_ratio": 0.5
  },
  "schema": "edge_lab.walkforward.v2",
  "metadata": {
    "run_timestamp_utc": "2026-02-27T02:27:05.565181+00:00",
    "config_hash": "5021813d0b97da36731b2ba4332bf2338f1f2f6cced39976da1e0e089091e15d",
    "git_commit": "3f1a2776561eb2cb5d86d8d65f9f52012ab0e2e7",
    "holdout_tag": "vaulted-holdout-v1",
    "dataset_id": "baseline-dataset-v1",
    "seeds": [
      11,
      23,
      47
    ]
  },
  "collapse_pass": true
}