{
  "window_count": 2,
  "windows": [
    {
      "train": [
        0,
        10
      ],
      "test": [
        10,
        15
      ],
      "final_equity": 998.8945,
      "total_return": -0.0011055000000000064,
      "sharpe": -8.469376780509345,
      "collapsed": true
    },
    {
      "train": [
        5,
        15
      ],
      "test": [
        15,
        20
      ],
      "final_equity": 1001.9475,
      "total_return": 0.001947499999999991,
      "sharpe": 13.035589952192213,
      "collapsed": false
    }
  ],
  "aggregate": {
    "mean_total_return": 0.00042099999999999224,
    "mean_sharpe": 2.283106585841434,
    "collapse_count": 1,
    "collapse_ratio": 0.5
  },
  "schema": "edge_lab.walkforward.v1",
  "metadata": {
    "run_timestamp_utc": "2026-02-27T02:15:55.748971+00:00",
    "config_hash": "2e89b0011b569e97a8ec6e0282cb73b56ed2ed6ec7c4101433058cbdca975fe2",
    "git_commit": "977ca29ee7f2c94505f7c663b5a797936b24cab3",
    "holdout_tag": "vaulted-holdout-v1"
  }
}