{
  "window_count": 2,
  "windows": [
    {
      "train": [
        0,
        10
      ],
      "test": [
        10,
        15
      ],
      "final_equity": 998.8945,
      "total_return": -0.0011055000000000064,
      "sharpe": -8.469376780509345,
      "collapsed": true
    },
    {
      "train": [
        5,
        15
      ],
      "test": [
        15,
        20
      ],
      "final_equity": 1001.9475,
      "total_return": 0.001947499999999991,
      "sharpe": 13.035589952192213,
      "collapsed": false
    }
  ],
  "aggregate": {
    "mean_total_return": 0.00042099999999999224,
    "mean_sharpe": 2.283106585841434,
    "collapse_count": 1,
    "collapse_ratio": 0.5
  },
  "schema": "edge_lab.walkforward.v2",
  "metadata": {
    "run_timestamp_utc": "2026-02-27T03:06:06.971133+00:00",
    "config_hash": "f94227717c4946b0b4a94f17c2f46e5a193bfae57f59eb2b794f3ca1361ff1fd",
    "git_commit": "3e8d2677e1fef142ec27872371a4ad91bb6a3ce9",
    "holdout_tag": "vaulted-holdout-v1",
    "dataset_id": "baseline-dataset-v1",
    "seeds": [
      11,
      23,
      47
    ],
    "run_mode": "dev",
    "holdout_enforced": false,
    "holdout_ledger_entry_id": null
  },
  "collapse_pass": true
}